Building Ref,Building,Specialism,Manager,Local Authority,Void Loss Target,Month,Void Loss,Rent Charged,Void Loss Pct,MonthStart
207,Tamarin Close,Homelessness,Manager 1,Kensington & Chelsea,0.06,2025-04-30,3897.09,28819.07,0.1352260846724061,2025-04-01
207,Tamarin Close,Homelessness,Manager 1,Kensington & Chelsea,0.06,2025-05-31,3869.91,29779.71,0.1299512318958109,2025-05-01
207,Tamarin Close,Homelessness,Manager 1,Kensington & Chelsea,0.06,2025-06-30,4454.04,32252.11,0.1381007320141224,2025-06-01
207,Tamarin Close,Homelessness,Manager 1,Kensington & Chelsea,0.06,2025-07-31,4476.38,32265.82,0.1387344254694286,2025-07-01
207,Tamarin Close,Homelessness,Manager 1,Kensington & Chelsea,0.06,2025-08-31,3227.1,31735.3,0.1016880256370666,2025-08-01
207,Tamarin Close,Homelessness,Manager 1,Kensington & Chelsea,0.06,2025-09-30,3564.67,35020.71,0.1017874851766283,2025-09-01
207,Tamarin Close,Homelessness,Manager 1,Kensington & Chelsea,0.06,2025-10-31,5033.52,29670.22,0.1696488937392442,2025-10-01
207,Tamarin Close,Homelessness,Manager 1,Kensington & Chelsea,0.06,2025-11-30,4380.52,31306.51,0.1399236133315403,2025-11-01
207,Tamarin Close,Homelessness,Manager 1,Kensington & Chelsea,0.06,2025-12-31,1679.16,32253.11,0.0520619561958521,2025-12-01
207,Tamarin Close,Homelessness,Manager 1,Kensington & Chelsea,0.06,2026-01-31,1645.55,32427.19,0.0507459943337674,2026-01-01
207,Tamarin Close,Homelessness,Manager 1,Kensington & Chelsea,0.06,2026-02-28,1928.11,29289.09,0.0658303142910892,2026-02-01
162,Pine Avenue,Young People,Manager 8,Tower Hamlets,0.1,2025-04-30,901.65,22006.72,0.040971575954981,2025-04-01
162,Pine Avenue,Young People,Manager 8,Tower Hamlets,0.1,2025-05-31,1182.08,22740.26,0.0519818155113442,2025-05-01
162,Pine Avenue,Young People,Manager 8,Tower Hamlets,0.1,2025-06-30,2078.43,22006.73,0.0944451992640433,2025-06-01
162,Pine Avenue,Young People,Manager 8,Tower Hamlets,0.1,2025-07-31,1898.5,23450.75,0.0809568990330799,2025-07-01
162,Pine Avenue,Young People,Manager 8,Tower Hamlets,0.1,2025-08-31,2352.81,22675.01,0.103762247513893,2025-08-01
162,Pine Avenue,Young People,Manager 8,Tower Hamlets,0.1,2025-09-30,3048.23,23619.82,0.1290539047291639,2025-09-01
162,Pine Avenue,Young People,Manager 8,Tower Hamlets,0.1,2025-10-31,1205.78,23526.85,0.0512512299776638,2025-10-01
162,Pine Avenue,Young People,Manager 8,Tower Hamlets,0.1,2025-11-30,3855.22,22767.96,0.1693265448463542,2025-11-01
162,Pine Avenue,Young People,Manager 8,Tower Hamlets,0.1,2025-12-31,92.72,23526.88,0.0039410240541882,2025-12-01
162,Pine Avenue,Young People,Manager 8,Tower Hamlets,0.1,2026-01-31,243.39,23526.86,0.0103451969366077,2026-01-01
162,Pine Avenue,Young People,Manager 8,Tower Hamlets,0.1,2026-02-28,1176.77,21250.08,0.0553772032858229,2026-02-01
114,Lewis Road,Mental Health,Manager 4,Bromley,0.066684025803655,2025-04-30,618.64,15680.48,0.0394528738916155,2025-04-01
114,Lewis Road,Mental Health,Manager 4,Bromley,0.066684025803655,2025-05-31,639.26,16203.16,0.0394527980961738,2025-05-01
114,Lewis Road,Mental Health,Manager 4,Bromley,0.066684025803655,2025-06-30,1065.13,15779.39,0.0675013419403411,2025-06-01
114,Lewis Road,Mental Health,Manager 4,Bromley,0.066684025803655,2025-07-31,677.66,17721.17,0.0382401387718756,2025-07-01
114,Lewis Road,Mental Health,Manager 4,Bromley,0.066684025803655,2025-08-31,615.8,17728.85,0.0347343454313167,2025-08-01
114,Lewis Road,Mental Health,Manager 4,Bromley,0.066684025803655,2025-09-30,725.76,17459.86,0.0415673436098571,2025-09-01
114,Lewis Road,Mental Health,Manager 4,Bromley,0.066684025803655,2025-10-31,681.78,17882.8,0.0381249021406043,2025-10-01
114,Lewis Road,Mental Health,Manager 4,Bromley,0.066684025803655,2025-11-30,659.79,17305.94,0.0381250599505141,2025-11-01
114,Lewis Road,Mental Health,Manager 4,Bromley,0.066684025803655,2025-12-31,681.78,17882.79,0.0381249234599299,2025-12-01
114,Lewis Road,Mental Health,Manager 4,Bromley,0.066684025803655,2026-01-31,1651.13,17882.79,0.0923306709970871,2026-01-01
114,Lewis Road,Mental Health,Manager 4,Bromley,0.066684025803655,2026-02-28,1859.77,16152.2,0.1151403523978157,2026-02-01
118,Long Acre Street,Young People,Manager 8,Tower Hamlets,0.1272142666288754,2025-04-30,903.08,1817.87,0.496779197632394,2025-04-01
118,Long Acre Street,Young People,Manager 8,Tower Hamlets,0.1272142666288754,2025-05-31,933.18,1878.46,0.4967792766415042,2025-05-01
118,Long Acre Street,Young People,Manager 8,Tower Hamlets,0.1272142666288754,2025-06-30,903.1,1817.88,0.4967874667194754,2025-06-01
118,Long Acre Street,Young People,Manager 8,Tower Hamlets,0.1272142666288754,2025-07-31,948.34,1906.66,0.4973828579820209,2025-07-01
118,Long Acre Street,Young People,Manager 8,Tower Hamlets,0.1272142666288754,2025-08-31,858.04,1695.18,0.5061645370993051,2025-08-01
118,Long Acre Street,Young People,Manager 8,Tower Hamlets,0.1272142666288754,2025-09-30,275.8,2062.59,0.1337153772683858,2025-09-01
118,Long Acre Street,Young People,Manager 8,Tower Hamlets,0.1272142666288754,2025-10-31,0.0,1909.69,0.0,2025-10-01
118,Long Acre Street,Young People,Manager 8,Tower Hamlets,0.1272142666288754,2025-11-30,398.37,1848.09,0.2155576838790318,2025-11-01
118,Long Acre Street,Young People,Manager 8,Tower Hamlets,0.1272142666288754,2025-12-31,949.98,1909.69,0.4974524661070645,2025-12-01
118,Long Acre Street,Young People,Manager 8,Tower Hamlets,0.1272142666288754,2026-01-31,949.97,1909.69,0.4974472296550749,2026-01-01
118,Long Acre Street,Young People,Manager 8,Tower Hamlets,0.1272142666288754,2026-02-28,858.04,1724.88,0.4974490979082602,2026-02-01
96,Hopley Road,Homelessness,Manager 2,Bromley,0.049811954777567,2025-04-30,2253.24,6008.6,0.3750024964217954,2025-04-01
96,Hopley Road,Homelessness,Manager 2,Bromley,0.049811954777567,2025-05-31,2328.33,6208.86,0.3750012079512181,2025-05-01
96,Hopley Road,Homelessness,Manager 2,Bromley,0.049811954777567,2025-06-30,2253.18,6008.54,0.3749962553299137,2025-06-01
96,Hopley Road,Homelessness,Manager 2,Bromley,0.049811954777567,2025-07-31,2450.49,6534.62,0.3750011477331504,2025-07-01
96,Hopley Road,Homelessness,Manager 2,Bromley,0.049811954777567,2025-08-31,2225.16,6013.23,0.3700440528634361,2025-08-01
96,Hopley Road,Homelessness,Manager 2,Bromley,0.049811954777567,2025-09-30,2649.0,6913.89,0.3831417624521072,2025-09-01
96,Hopley Road,Homelessness,Manager 2,Bromley,0.049811954777567,2025-10-31,2463.57,6569.52,0.375,2025-10-01
96,Hopley Road,Homelessness,Manager 2,Bromley,0.049811954777567,2025-11-30,2384.1,6357.6,0.3749999999999999,2025-11-01
96,Hopley Road,Homelessness,Manager 2,Bromley,0.049811954777567,2025-12-31,3417.21,6569.52,0.5201612903225806,2025-12-01
96,Hopley Road,Homelessness,Manager 2,Bromley,0.049811954777567,2026-01-31,2285.72,6569.52,0.3479280069167914,2026-01-01
96,Hopley Road,Homelessness,Manager 2,Bromley,0.049811954777567,2026-02-28,760.63,5933.76,0.1281868494849808,2026-02-01
119,Longfellow Road,Young People,Manager 8,Newham,0.08,2025-04-30,2330.05,30071.32,0.0774841277336678,2025-04-01
119,Longfellow Road,Young People,Manager 8,Newham,0.08,2025-05-31,1434.87,31073.65,0.0461764227890833,2025-05-01
119,Longfellow Road,Young People,Manager 8,Newham,0.08,2025-06-30,1595.05,30113.08,0.0529686767344954,2025-06-01
119,Longfellow Road,Young People,Manager 8,Newham,0.08,2025-07-31,836.87,33157.16,0.0252394957831129,2025-07-01
119,Longfellow Road,Young People,Manager 8,Newham,0.08,2025-08-31,397.28,33165.33,0.0119787742199459,2025-08-01
119,Longfellow Road,Young People,Manager 8,Newham,0.08,2025-09-30,2261.39,32516.44,0.0695460511667328,2025-09-01
119,Longfellow Road,Young People,Manager 8,Newham,0.08,2025-10-31,1606.53,33379.22,0.0481296447310632,2025-10-01
119,Longfellow Road,Young People,Manager 8,Newham,0.08,2025-11-30,2130.41,32302.48,0.0659519021449746,2025-11-01
119,Longfellow Road,Young People,Manager 8,Newham,0.08,2025-12-31,1885.96,33379.27,0.0565009360600157,2025-12-01
119,Longfellow Road,Young People,Manager 8,Newham,0.08,2026-01-31,3885.45,33379.22,0.1164032592732843,2026-01-01
119,Longfellow Road,Young People,Manager 8,Newham,0.08,2026-02-28,3173.85,30149.0,0.1052721483299612,2026-02-01
102,Janssens Avenue,Mental Health,Manager 5,Westminster,0.065,2025-04-30,1784.67,8968.68,0.1989891489048555,2025-04-01
102,Janssens Avenue,Mental Health,Manager 5,Westminster,0.065,2025-05-31,1702.25,9267.71,0.1836753631695424,2025-05-01
102,Janssens Avenue,Mental Health,Manager 5,Westminster,0.065,2025-06-30,1526.11,9103.84,0.1676336578850243,2025-06-01
102,Janssens Avenue,Mental Health,Manager 5,Westminster,0.065,2025-07-31,531.26,9632.14,0.055154929226527,2025-07-01
102,Janssens Avenue,Mental Health,Manager 5,Westminster,0.065,2025-08-31,-2766.82,9486.97,-0.291644223603532,2025-08-01
102,Janssens Avenue,Mental Health,Manager 5,Westminster,0.065,2025-09-30,365.98,9541.02,0.0383585822060953,2025-09-01
102,Janssens Avenue,Mental Health,Manager 5,Westminster,0.065,2025-10-31,487.32,9669.97,0.050395192539377,2025-10-01
102,Janssens Avenue,Mental Health,Manager 5,Westminster,0.065,2025-11-30,769.46,9358.03,0.0822245707697025,2025-11-01
102,Janssens Avenue,Mental Health,Manager 5,Westminster,0.065,2025-12-31,795.1,9669.95,0.0822237964001882,2025-12-01
102,Janssens Avenue,Mental Health,Manager 5,Westminster,0.065,2026-01-31,1165.03,9489.19,0.1227744412326025,2026-01-01
102,Janssens Avenue,Mental Health,Manager 5,Westminster,0.065,2026-02-28,347.23,8734.15,0.0397554427162345,2026-02-01
65,Echium Road,Young People,Manager 8,Westminster,0.0800491422558058,2025-04-30,732.3,10689.98,0.0685034022514541,2025-04-01
65,Echium Road,Young People,Manager 8,Westminster,0.0800491422558058,2025-05-31,756.71,11046.32,0.0685033567740206,2025-05-01
65,Echium Road,Young People,Manager 8,Westminster,0.0800491422558058,2025-06-30,732.3,10689.99,0.0685033381696334,2025-06-01
65,Echium Road,Young People,Manager 8,Westminster,0.0800491422558058,2025-07-31,1658.23,11662.4,0.1421859994512279,2025-07-01
65,Echium Road,Young People,Manager 8,Westminster,0.0800491422558058,2025-08-31,-12.14,11545.73,-0.001051470976716,2025-08-01
65,Echium Road,Young People,Manager 8,Westminster,0.0800491422558058,2025-09-30,861.21,8711.54,0.0988585255878983,2025-09-01
65,Echium Road,Young People,Manager 8,Westminster,0.0800491422558058,2025-10-31,809.01,14549.62,0.0556035140436657,2025-10-01
65,Echium Road,Young People,Manager 8,Westminster,0.0800491422558058,2025-11-30,782.91,11350.07,0.0689784292079255,2025-11-01
65,Echium Road,Young People,Manager 8,Westminster,0.0800491422558058,2025-12-31,809.01,11728.4,0.0689787183247501,2025-12-01
65,Echium Road,Young People,Manager 8,Westminster,0.0800491422558058,2026-01-31,809.01,548.41,1.4751919184551705,2026-01-01
65,Echium Road,Young People,Manager 8,Westminster,0.0800491422558058,2026-02-28,730.72,10593.4,0.0689787981195838,2026-02-01
122,Madeira Crescent,Homelessness,Manager 1,Bromley,0.05,2025-04-30,2005.81,15013.26,0.133602562001857,2025-04-01
122,Madeira Crescent,Homelessness,Manager 1,Bromley,0.05,2025-05-31,1868.25,15513.69,0.120425894806458,2025-05-01
122,Madeira Crescent,Homelessness,Manager 1,Bromley,0.05,2025-06-30,1591.67,15063.67,0.105662829841599,2025-06-01
122,Madeira Crescent,Homelessness,Manager 1,Bromley,0.05,2025-07-31,2615.03,15984.75,0.1635953017720014,2025-07-01
122,Madeira Crescent,Homelessness,Manager 1,Bromley,0.05,2025-08-31,2302.56,15093.61,0.1525519739810423,2025-08-01
122,Madeira Crescent,Homelessness,Manager 1,Bromley,0.05,2025-09-30,2713.73,16853.59,0.1610179196242462,2025-09-01
122,Madeira Crescent,Homelessness,Manager 1,Bromley,0.05,2025-10-31,2549.25,16406.47,0.1553807735606745,2025-10-01
122,Madeira Crescent,Homelessness,Manager 1,Bromley,0.05,2025-11-30,2578.96,15877.26,0.1624310491860686,2025-11-01
122,Madeira Crescent,Homelessness,Manager 1,Bromley,0.05,2025-12-31,2946.19,16406.5,0.1795745588638649,2025-12-01
122,Madeira Crescent,Homelessness,Manager 1,Bromley,0.05,2026-01-31,2445.13,16406.48,0.1490344059176618,2026-01-01
122,Madeira Crescent,Homelessness,Manager 1,Bromley,0.05,2026-02-28,2227.76,14818.76,0.1503337661180827,2026-02-01
129,May Road,Homelessness,Manager 2,Barking & Dagenham,0.0599999999999999,2025-04-30,1169.61,5955.77,0.1963826675643955,2025-04-01
129,May Road,Homelessness,Manager 2,Barking & Dagenham,0.0599999999999999,2025-05-31,1208.6,6154.3,0.1963830167525145,2025-05-01
129,May Road,Homelessness,Manager 2,Barking & Dagenham,0.0599999999999999,2025-06-30,1169.62,5955.77,0.196384346608415,2025-06-01
129,May Road,Homelessness,Manager 2,Barking & Dagenham,0.0599999999999999,2025-07-31,1287.56,6533.82,0.1970608311829833,2025-07-01
129,May Road,Homelessness,Manager 2,Barking & Dagenham,0.0599999999999999,2025-08-31,1170.6,6281.83,0.1863469721402839,2025-08-01
129,May Road,Homelessness,Manager 2,Barking & Dagenham,0.0599999999999999,2025-09-30,1379.64,6655.05,0.2073072328532468,2025-09-01
129,May Road,Homelessness,Manager 2,Barking & Dagenham,0.0599999999999999,2025-10-31,180.86,6574.49,0.0275093581403272,2025-10-01
129,May Road,Homelessness,Manager 2,Barking & Dagenham,0.0599999999999999,2025-11-30,667.28,6362.39,0.1048788269816845,2025-11-01
129,May Road,Homelessness,Manager 2,Barking & Dagenham,0.0599999999999999,2025-12-31,689.52,6574.47,0.1048784160548302,2025-12-01
129,May Road,Homelessness,Manager 2,Barking & Dagenham,0.0599999999999999,2026-01-31,689.53,6574.48,0.1048797775641571,2026-01-01
129,May Road,Homelessness,Manager 2,Barking & Dagenham,0.0599999999999999,2026-02-28,622.8,5938.24,0.1048795602737511,2026-02-01
217,Van Hoorn Road,Young People,Manager 9,Richmond,0.15,2025-04-30,2118.48,20393.88,0.1038782222902164,2025-04-01
217,Van Hoorn Road,Young People,Manager 9,Richmond,0.15,2025-05-31,2189.07,21073.65,0.1038771166836309,2025-05-01
217,Van Hoorn Road,Young People,Manager 9,Richmond,0.15,2025-06-30,2118.46,20393.86,0.1038773434749478,2025-06-01
217,Van Hoorn Road,Young People,Manager 9,Richmond,0.15,2025-07-31,2308.25,22257.31,0.1037075010412309,2025-07-01
217,Van Hoorn Road,Young People,Manager 9,Richmond,0.15,2025-08-31,2096.4,21860.03,0.0959010577753095,2025-08-01
217,Van Hoorn Road,Young People,Manager 9,Richmond,0.15,2025-09-30,1472.48,22186.16,0.0663693041067043,2025-09-01
217,Van Hoorn Road,Young People,Manager 9,Richmond,0.15,2025-10-31,1547.34,22384.13,0.0691266535710791,2025-10-01
217,Van Hoorn Road,Young People,Manager 9,Richmond,0.15,2025-11-30,1382.06,21308.9,0.0648583455739151,2025-11-01
217,Van Hoorn Road,Young People,Manager 9,Richmond,0.15,2025-12-31,1547.34,22311.14,0.0693527986467746,2025-12-01
217,Van Hoorn Road,Young People,Manager 9,Richmond,0.15,2026-01-31,1547.34,22311.14,0.0693527986467746,2026-01-01
217,Van Hoorn Road,Young People,Manager 9,Richmond,0.15,2026-02-28,998.29,20152.0,0.049538011115522,2026-02-01
57,Dianthus Road,Homelessness,Manager 2,Thurrock,0.065,2025-04-30,636.09,7634.96,0.0833128136886113,2025-04-01
57,Dianthus Road,Homelessness,Manager 2,Thurrock,0.065,2025-05-31,657.29,7889.46,0.0833124193544298,2025-05-01
57,Dianthus Road,Homelessness,Manager 2,Thurrock,0.065,2025-06-30,636.08,7634.95,0.0833116130426525,2025-06-01
57,Dianthus Road,Homelessness,Manager 2,Thurrock,0.065,2025-07-31,694.17,8332.74,0.0833063314107964,2025-07-01
57,Dianthus Road,Homelessness,Manager 2,Thurrock,0.065,2025-08-31,630.56,8222.59,0.0766862995722758,2025-08-01
57,Dianthus Road,Homelessness,Manager 2,Thurrock,0.065,2025-09-30,743.16,8267.54,0.0898888907704105,2025-09-01
57,Dianthus Road,Homelessness,Manager 2,Thurrock,0.065,2025-10-31,698.12,8380.23,0.0833055894647283,2025-10-01
57,Dianthus Road,Homelessness,Manager 2,Thurrock,0.065,2025-11-30,675.6,8109.9,0.0833055894647283,2025-11-01
57,Dianthus Road,Homelessness,Manager 2,Thurrock,0.065,2025-12-31,698.12,8380.23,0.0833055894647283,2025-12-01
57,Dianthus Road,Homelessness,Manager 2,Thurrock,0.065,2026-01-31,698.12,8380.23,0.0833055894647283,2026-01-01
57,Dianthus Road,Homelessness,Manager 2,Thurrock,0.065,2026-02-28,630.56,7569.24,0.0833055894647283,2026-02-01
35,Champagne Way,Mental Health,Manager 6,Tower Hamlets,0.065,2025-04-30,567.51,9729.68,0.0583277147860977,2025-04-01
35,Champagne Way,Mental Health,Manager 6,Tower Hamlets,0.065,2025-05-31,1229.61,10054.01,0.122300455241242,2025-05-01
35,Champagne Way,Mental Health,Manager 6,Tower Hamlets,0.065,2025-06-30,1683.64,9729.69,0.1730414843638389,2025-06-01
35,Champagne Way,Mental Health,Manager 6,Tower Hamlets,0.065,2025-07-31,1170.27,10514.81,0.1112973035176099,2025-07-01
35,Champagne Way,Mental Health,Manager 6,Tower Hamlets,0.065,2025-08-31,1491.33,10285.79,0.1449893493839559,2025-08-01
35,Champagne Way,Mental Health,Manager 6,Tower Hamlets,0.065,2025-09-30,1511.22,10501.81,0.1439009085100568,2025-09-01
35,Champagne Way,Mental Health,Manager 6,Tower Hamlets,0.065,2025-10-31,1232.82,10564.17,0.1166982356399035,2025-10-01
35,Champagne Way,Mental Health,Manager 6,Tower Hamlets,0.065,2025-11-30,1570.83,10223.39,0.1536505992630624,2025-11-01
35,Champagne Way,Mental Health,Manager 6,Tower Hamlets,0.065,2025-12-31,1849.23,10564.16,0.1750475191591191,2025-12-01
35,Champagne Way,Mental Health,Manager 6,Tower Hamlets,0.065,2026-01-31,1531.09,10564.18,0.144932214331827,2026-01-01
35,Champagne Way,Mental Health,Manager 6,Tower Hamlets,0.065,2026-02-28,855.03,9541.84,0.0896085031817762,2026-02-01
184,Service Road,Homelessness,Manager 1,Tower Hamlets,0.0736446551879035,2025-04-30,10193.32,69986.29,0.1456473832231998,2025-04-01
184,Service Road,Homelessness,Manager 1,Tower Hamlets,0.0736446551879035,2025-05-31,13788.76,72319.18,0.1906653255747645,2025-05-01
184,Service Road,Homelessness,Manager 1,Tower Hamlets,0.0736446551879035,2025-06-30,11875.73,69986.1,0.1696869807004533,2025-06-01
184,Service Road,Homelessness,Manager 1,Tower Hamlets,0.0736446551879035,2025-07-31,10399.81,76347.47,0.1362168255215267,2025-07-01
184,Service Road,Homelessness,Manager 1,Tower Hamlets,0.0736446551879035,2025-08-31,8487.31,74322.31,0.1141959931008602,2025-08-01
184,Service Road,Homelessness,Manager 1,Tower Hamlets,0.0736446551879035,2025-09-30,9924.97,76722.85,0.1293613310767261,2025-09-01
184,Service Road,Homelessness,Manager 1,Tower Hamlets,0.0736446551879035,2025-10-31,9124.24,76706.8,0.1189495585789004,2025-10-01
184,Service Road,Homelessness,Manager 1,Tower Hamlets,0.0736446551879035,2025-11-30,12299.21,74302.32,0.1655292862995394,2025-11-01
184,Service Road,Homelessness,Manager 1,Tower Hamlets,0.0736446551879035,2025-12-31,7045.02,76778.98,0.0917571449894229,2025-12-01
184,Service Road,Homelessness,Manager 1,Tower Hamlets,0.0736446551879035,2026-01-31,5857.28,76793.03,0.0762735888921169,2026-01-01
184,Service Road,Homelessness,Manager 1,Tower Hamlets,0.0736446551879035,2026-02-28,4430.89,69360.41,0.0638821194972751,2026-02-01
215,Tritonia Road,Young People,Manager 9,Surrey,0.0948638101630662,2025-04-30,974.79,5556.15,0.1754434275532518,2025-04-01
215,Tritonia Road,Young People,Manager 9,Surrey,0.0948638101630662,2025-05-31,1007.28,6043.54,0.1666705275384956,2025-05-01
215,Tritonia Road,Young People,Manager 9,Surrey,0.0948638101630662,2025-06-30,974.78,5848.58,0.1666695163612364,2025-06-01
215,Tritonia Road,Young People,Manager 9,Surrey,0.0948638101630662,2025-07-31,1046.76,6280.42,0.1666703819171329,2025-07-01
215,Tritonia Road,Young People,Manager 9,Surrey,0.0948638101630662,2025-08-31,949.28,6068.48,0.1564279687829572,2025-08-01
215,Tritonia Road,Young People,Manager 9,Surrey,0.0948638101630662,2025-09-30,1118.79,6339.7,0.1764736501727211,2025-09-01
215,Tritonia Road,Young People,Manager 9,Surrey,0.0948638101630662,2025-10-31,1442.9,7617.88,0.1894096520291734,2025-10-01
215,Tritonia Road,Young People,Manager 9,Surrey,0.0948638101630662,2025-11-30,0.0,7646.02,0.0,2025-11-01
215,Tritonia Road,Young People,Manager 9,Surrey,0.0948638101630662,2025-12-31,0.0,7900.89,0.0,2025-12-01
215,Tritonia Road,Young People,Manager 9,Surrey,0.0948638101630662,2026-01-31,0.0,7900.88,0.0,2026-01-01
215,Tritonia Road,Young People,Manager 9,Surrey,0.0948638101630662,2026-02-28,382.27,7136.28,0.0535671246083393,2026-02-01
95,Hill Road,Homelessness,Manager 2,Westminster,0.045,2025-04-30,492.46,10795.97,0.0456151693641238,2025-04-01
95,Hill Road,Homelessness,Manager 2,Westminster,0.045,2025-05-31,763.31,11155.84,0.0684224585508576,2025-05-01
95,Hill Road,Homelessness,Manager 2,Westminster,0.045,2025-06-30,738.68,10795.97,0.0684218277746233,2025-06-01
95,Hill Road,Homelessness,Manager 2,Westminster,0.045,2025-07-31,797.43,11658.4,0.0683996088657105,2025-07-01
95,Hill Road,Homelessness,Manager 2,Westminster,0.045,2025-08-31,1255.22,11354.13,0.1105518432499892,2025-08-01
95,Hill Road,Homelessness,Manager 2,Westminster,0.045,2025-09-30,1688.24,11692.55,0.1443859551594819,2025-09-01
95,Hill Road,Homelessness,Manager 2,Westminster,0.045,2025-10-31,1887.15,11712.24,0.161126308887113,2025-10-01
95,Hill Road,Homelessness,Manager 2,Westminster,0.045,2025-11-30,2287.83,11334.41,0.2018481773643268,2025-11-01
95,Hill Road,Homelessness,Manager 2,Westminster,0.045,2025-12-31,2364.12,11712.25,0.2018501995773655,2025-12-01
95,Hill Road,Homelessness,Manager 2,Westminster,0.045,2026-01-31,2364.09,11712.23,0.2018479828350365,2026-01-01
95,Hill Road,Homelessness,Manager 2,Westminster,0.045,2026-02-28,2548.78,10578.8,0.2409328090142549,2026-02-01
67,Elphinstone Avenue,Young People,Manager 8,Bracknell Forest,0.0799999999999999,2025-04-30,1609.12,17257.89,0.0932396718254665,2025-04-01
67,Elphinstone Avenue,Young People,Manager 8,Bracknell Forest,0.0799999999999999,2025-05-31,1112.84,17833.14,0.0624029195082862,2025-05-01
67,Elphinstone Avenue,Young People,Manager 8,Bracknell Forest,0.0799999999999999,2025-06-30,585.68,17257.89,0.0339369413062662,2025-06-01
67,Elphinstone Avenue,Young People,Manager 8,Bracknell Forest,0.0799999999999999,2025-07-31,1817.44,18838.43,0.0964751308893575,2025-07-01
67,Elphinstone Avenue,Young People,Manager 8,Bracknell Forest,0.0799999999999999,2025-08-31,1977.96,18513.87,0.1068366581379258,2025-08-01
67,Elphinstone Avenue,Young People,Manager 8,Bracknell Forest,0.0799999999999999,2025-09-30,3102.21,18767.23,0.1652993009623689,2025-09-01
67,Elphinstone Avenue,Young People,Manager 8,Bracknell Forest,0.0799999999999999,2025-10-31,2947.42,18946.14,0.1555683637933637,2025-10-01
67,Elphinstone Avenue,Young People,Manager 8,Bracknell Forest,0.0799999999999999,2025-11-30,1346.51,18334.98,0.0734394038062763,2025-11-01
67,Elphinstone Avenue,Young People,Manager 8,Bracknell Forest,0.0799999999999999,2025-12-31,2266.14,18946.14,0.1196095880216234,2025-12-01
67,Elphinstone Avenue,Young People,Manager 8,Bracknell Forest,0.0799999999999999,2026-01-31,1424.34,18946.14,0.0751783740645851,2026-01-01
67,Elphinstone Avenue,Young People,Manager 8,Bracknell Forest,0.0799999999999999,2026-02-28,1791.61,17112.64,0.1046951259419937,2026-02-01
186,Shelley Road,Homelessness,Manager 1,Newham,0.0699999999999999,2025-04-30,688.41,6402.81,0.1075168558804649,2025-04-01
186,Shelley Road,Homelessness,Manager 1,Newham,0.0699999999999999,2025-05-31,711.36,6616.24,0.1075172605588672,2025-05-01
186,Shelley Road,Homelessness,Manager 1,Newham,0.0699999999999999,2025-06-30,688.42,6402.82,0.1075182497711945,2025-06-01
186,Shelley Road,Homelessness,Manager 1,Newham,0.0699999999999999,2025-07-31,753.44,6899.4,0.1092036988723657,2025-07-01
186,Shelley Road,Homelessness,Manager 1,Newham,0.0699999999999999,2025-08-31,684.6,6758.59,0.1012933170972051,2025-08-01
186,Shelley Road,Homelessness,Manager 1,Newham,0.0699999999999999,2025-09-30,806.85,6877.35,0.1173198979257999,2025-09-01
186,Shelley Road,Homelessness,Manager 1,Newham,0.0699999999999999,2025-10-31,757.95,6929.74,0.1093763979600966,2025-10-01
186,Shelley Road,Homelessness,Manager 1,Newham,0.0699999999999999,2025-11-30,733.5,6706.2,0.1093763979600966,2025-11-01
186,Shelley Road,Homelessness,Manager 1,Newham,0.0699999999999999,2025-12-31,757.95,6929.74,0.1093763979600966,2025-12-01
186,Shelley Road,Homelessness,Manager 1,Newham,0.0699999999999999,2026-01-31,757.95,6706.2,0.1130222778920998,2026-01-01
186,Shelley Road,Homelessness,Manager 1,Newham,0.0699999999999999,2026-02-28,684.6,6259.12,0.1093763979600966,2026-02-01
28,Camargue Street,Homelessness,Manager 2,Richmond,0.065,2025-04-30,1801.06,17875.76,0.1007543175786652,2025-04-01
28,Camargue Street,Homelessness,Manager 2,Richmond,0.065,2025-05-31,4150.84,18471.63,0.2247143321948306,2025-05-01
28,Camargue Street,Homelessness,Manager 2,Richmond,0.065,2025-06-30,4228.05,17875.74,0.2365244739518475,2025-06-01
28,Camargue Street,Homelessness,Manager 2,Richmond,0.065,2025-07-31,3712.62,19345.89,0.1919074283995205,2025-07-01
28,Camargue Street,Homelessness,Manager 2,Richmond,0.065,2025-08-31,3504.88,18346.5,0.19103807265691,2025-08-01
28,Camargue Street,Homelessness,Manager 2,Richmond,0.065,2025-09-30,2209.35,19905.57,0.1109915465872115,2025-09-01
28,Camargue Street,Homelessness,Manager 2,Richmond,0.065,2025-10-31,1436.15,19439.55,0.0738777389394301,2025-10-01
28,Camargue Street,Homelessness,Manager 2,Richmond,0.065,2025-11-30,1822.02,18812.48,0.0968516644270186,2025-11-01
28,Camargue Street,Homelessness,Manager 2,Richmond,0.065,2025-12-31,1902.83,19439.58,0.0978843164307047,2025-12-01
28,Camargue Street,Homelessness,Manager 2,Richmond,0.065,2026-01-31,1489.92,19439.57,0.076643670616171,2026-01-01
28,Camargue Street,Homelessness,Manager 2,Richmond,0.065,2026-02-28,1947.69,17558.32,0.1109268996122636,2026-02-01
75,Fell Close,Homelessness,Manager 2,Bromley,0.055,2025-04-30,1338.76,6693.84,0.1999988048713444,2025-04-01
75,Fell Close,Homelessness,Manager 2,Bromley,0.055,2025-05-31,1211.24,6916.96,0.1751116097245032,2025-05-01
75,Fell Close,Homelessness,Manager 2,Bromley,0.055,2025-06-30,663.04,6693.88,0.0990516710786569,2025-06-01
75,Fell Close,Homelessness,Manager 2,Bromley,0.055,2025-07-31,711.85,7118.58,0.0999988761803618,2025-07-01
75,Fell Close,Homelessness,Manager 2,Bromley,0.055,2025-08-31,161.23,7140.18,0.0225806632325795,2025-08-01
75,Fell Close,Homelessness,Manager 2,Bromley,0.055,2025-09-30,98.71,6909.86,0.0142853834954687,2025-09-01
75,Fell Close,Homelessness,Manager 2,Bromley,0.055,2025-10-31,1421.45,7140.18,0.1990776142898358,2025-10-01
75,Fell Close,Homelessness,Manager 2,Bromley,0.055,2025-11-30,1616.9,12475.8,0.1296029112361532,2025-11-01
75,Fell Close,Homelessness,Manager 2,Bromley,0.055,2025-12-31,2865.92,14329.55,0.2000006978586208,2025-12-01
75,Fell Close,Homelessness,Manager 2,Bromley,0.055,2026-01-31,2865.9,14329.52,0.1999997208559672,2026-01-01
75,Fell Close,Homelessness,Manager 2,Bromley,0.055,2026-02-28,2588.56,12942.8,0.2,2026-02-01
3,Alphen Road,Young People,Manager 9,Tower Hamlets,0.070644088253223,2025-04-30,1085.26,2713.12,0.4000044229521731,2025-04-01
3,Alphen Road,Young People,Manager 9,Tower Hamlets,0.070644088253223,2025-05-31,934.52,2803.56,0.3333333333333333,2025-05-01
3,Alphen Road,Young People,Manager 9,Tower Hamlets,0.070644088253223,2025-06-30,904.36,2713.1,0.333330876119568,2025-06-01
3,Alphen Road,Young People,Manager 9,Tower Hamlets,0.070644088253223,2025-07-31,965.0,2895.0,0.3333333333333333,2025-07-01
3,Alphen Road,Young People,Manager 9,Tower Hamlets,0.070644088253223,2025-08-31,874.56,2686.15,0.3255812221953353,2025-08-01
3,Alphen Road,Young People,Manager 9,Tower Hamlets,0.070644088253223,2025-09-30,1030.73,3029.72,0.3402063557028372,2025-09-01
3,Alphen Road,Young People,Manager 9,Tower Hamlets,0.070644088253223,2025-10-31,968.26,2904.79,0.3333321858034488,2025-10-01
3,Alphen Road,Young People,Manager 9,Tower Hamlets,0.070644088253223,2025-11-30,937.03,2811.09,0.3333333333333333,2025-11-01
3,Alphen Road,Young People,Manager 9,Tower Hamlets,0.070644088253223,2025-12-31,968.27,2904.79,0.3333356283931024,2025-12-01
3,Alphen Road,Young People,Manager 9,Tower Hamlets,0.070644088253223,2026-01-31,968.26,2904.79,0.3333321858034488,2026-01-01
3,Alphen Road,Young People,Manager 9,Tower Hamlets,0.070644088253223,2026-02-28,874.56,2623.68,0.3333333333333333,2026-02-01
78,Flamingo Vlei,Homelessness,Manager 2,Tower Hamlets,0.08,2025-04-30,90.82,18354.07,0.0049482212936967,2025-04-01
78,Flamingo Vlei,Homelessness,Manager 2,Tower Hamlets,0.08,2025-05-31,0.0,18965.89,0.0,2025-05-01
78,Flamingo Vlei,Homelessness,Manager 2,Tower Hamlets,0.08,2025-06-30,569.69,18445.01,0.0308858601865762,2025-06-01
78,Flamingo Vlei,Homelessness,Manager 2,Tower Hamlets,0.08,2025-07-31,91.97,19875.98,0.0046271932251893,2025-07-01
78,Flamingo Vlei,Homelessness,Manager 2,Tower Hamlets,0.08,2025-08-31,1354.14,19520.47,0.0693702559415833,2025-08-01
78,Flamingo Vlei,Homelessness,Manager 2,Tower Hamlets,0.08,2025-09-30,2045.04,19778.95,0.103394770703197,2025-09-01
78,Flamingo Vlei,Homelessness,Manager 2,Tower Hamlets,0.08,2025-10-31,82.9,19971.84,0.0041508443888995,2025-10-01
78,Flamingo Vlei,Homelessness,Manager 2,Tower Hamlets,0.08,2025-11-30,548.11,19327.6,0.0283589271301144,2025-11-01
78,Flamingo Vlei,Homelessness,Manager 2,Tower Hamlets,0.08,2025-12-31,999.47,19971.81,0.0500440370702505,2025-12-01
78,Flamingo Vlei,Homelessness,Manager 2,Tower Hamlets,0.08,2026-01-31,1354.14,19971.85,0.0678024319229315,2026-01-01
78,Flamingo Vlei,Homelessness,Manager 2,Tower Hamlets,0.08,2026-02-28,902.76,17889.09,0.0504642773891796,2026-02-01
232,West Riding Village Complex,Mental Health,Manager 6,Tower Hamlets,0.065,2025-04-30,1912.9,3822.08,0.5004866460147355,2025-04-01
232,West Riding Village Complex,Mental Health,Manager 6,Tower Hamlets,0.065,2025-05-31,1172.06,4113.26,0.2849467332480805,2025-05-01
232,West Riding Village Complex,Mental Health,Manager 6,Tower Hamlets,0.065,2025-06-30,2100.86,4024.8,0.5219787318624528,2025-06-01
232,West Riding Village Complex,Mental Health,Manager 6,Tower Hamlets,0.065,2025-07-31,1304.74,4113.26,0.3172033861219567,2025-07-01
232,West Riding Village Complex,Mental Health,Manager 6,Tower Hamlets,0.065,2025-08-31,619.2,3958.46,0.1564244681012312,2025-08-01
232,West Riding Village Complex,Mental Health,Manager 6,Tower Hamlets,0.065,2025-09-30,309.6,4135.36,0.0748665170626015,2025-09-01
232,West Riding Village Complex,Mental Health,Manager 6,Tower Hamlets,0.065,2025-10-31,486.52,4113.28,0.1182803018515637,2025-10-01
232,West Riding Village Complex,Mental Health,Manager 6,Tower Hamlets,0.065,2025-11-30,663.42,3980.56,0.1666649918604417,2025-11-01
232,West Riding Village Complex,Mental Health,Manager 6,Tower Hamlets,0.065,2025-12-31,685.54,4113.24,0.1666666666666666,2025-12-01
232,West Riding Village Complex,Mental Health,Manager 6,Tower Hamlets,0.065,2026-01-31,685.54,4113.26,0.1666658562794474,2026-01-01
232,West Riding Village Complex,Mental Health,Manager 6,Tower Hamlets,0.065,2026-02-28,597.08,3715.2,0.1607127476313523,2026-02-01
116,Lilypond Close,Young People,Manager 8,Tower Hamlets,0.1,2025-04-30,0.0,6532.35,0.0,2025-04-01
116,Lilypond Close,Young People,Manager 8,Tower Hamlets,0.1,2025-05-31,301.83,6772.12,0.0445694996544656,2025-05-01
116,Lilypond Close,Young People,Manager 8,Tower Hamlets,0.1,2025-06-30,754.53,6553.67,0.1151309113824772,2025-06-01
116,Lilypond Close,Young People,Manager 8,Tower Hamlets,0.1,2025-07-31,779.7,6772.13,0.1151336433293513,2025-07-01
116,Lilypond Close,Young People,Manager 8,Tower Hamlets,0.1,2025-08-31,569.57,6581.68,0.0865386952875253,2025-08-01
116,Lilypond Close,Young People,Manager 8,Tower Hamlets,0.1,2025-09-30,1644.85,6729.71,0.2444161784088764,2025-09-01
116,Lilypond Close,Young People,Manager 8,Tower Hamlets,0.1,2025-10-31,-588.49,6772.13,-0.086898804364358,2025-10-01
116,Lilypond Close,Young People,Manager 8,Tower Hamlets,0.1,2025-11-30,0.0,6553.68,0.0,2025-11-01
116,Lilypond Close,Young People,Manager 8,Tower Hamlets,0.1,2025-12-31,0.0,6772.13,0.0,2025-12-01
116,Lilypond Close,Young People,Manager 8,Tower Hamlets,0.1,2026-01-31,545.5,6772.12,0.0805508467067919,2026-01-01
116,Lilypond Close,Young People,Manager 8,Tower Hamlets,0.1,2026-02-28,664.08,6137.65,0.1081977629874626,2026-02-01
187,Sherry Bend,Learning Disabilities,Manager 3,Tower Hamlets,0.085,2025-04-30,3742.26,17839.38,0.2097752276144126,2025-04-01
187,Sherry Bend,Learning Disabilities,Manager 3,Tower Hamlets,0.085,2025-05-31,3277.29,18434.04,0.1777846852887375,2025-05-01
187,Sherry Bend,Learning Disabilities,Manager 3,Tower Hamlets,0.085,2025-06-30,3420.29,17839.34,0.1917273845332843,2025-06-01
187,Sherry Bend,Learning Disabilities,Manager 3,Tower Hamlets,0.085,2025-07-31,2139.94,19437.24,0.1100948488571422,2025-07-01
187,Sherry Bend,Learning Disabilities,Manager 3,Tower Hamlets,0.085,2025-08-31,1858.24,19080.14,0.0973913189316221,2025-08-01
187,Sherry Bend,Learning Disabilities,Manager 3,Tower Hamlets,0.085,2025-09-30,1095.04,19378.8,0.0565071108634177,2025-09-01
187,Sherry Bend,Learning Disabilities,Manager 3,Tower Hamlets,0.085,2025-10-31,7331.52,26932.84,0.2722148871043677,2025-10-01
187,Sherry Bend,Learning Disabilities,Manager 3,Tower Hamlets,0.085,2025-11-30,1234.88,23223.42,0.0531739080634979,2025-11-01
187,Sherry Bend,Learning Disabilities,Manager 3,Tower Hamlets,0.085,2025-12-31,1276.06,23997.54,0.0531746170649158,2025-12-01
187,Sherry Bend,Learning Disabilities,Manager 3,Tower Hamlets,0.085,2026-01-31,1276.04,23997.54,0.053173783646157,2026-01-01
187,Sherry Bend,Learning Disabilities,Manager 3,Tower Hamlets,0.085,2026-02-28,1152.56,21675.2,0.053174134494722,2026-02-01
182,Schreiner Road,Learning Disabilities,Manager 3,Tower Hamlets,0.065,2025-04-30,177.04,6266.53,0.0282516799568501,2025-04-01
182,Schreiner Road,Learning Disabilities,Manager 3,Tower Hamlets,0.065,2025-05-31,423.83,6475.42,0.06545212511312,2025-05-01
182,Schreiner Road,Learning Disabilities,Manager 3,Tower Hamlets,0.065,2025-06-30,206.55,6266.53,0.0329608252094859,2025-06-01
182,Schreiner Road,Learning Disabilities,Manager 3,Tower Hamlets,0.065,2025-07-31,622.21,6915.33,0.0899754603178734,2025-07-01
182,Schreiner Road,Learning Disabilities,Manager 3,Tower Hamlets,0.065,2025-08-31,1303.99,6522.68,0.1999162920762631,2025-08-01
182,Schreiner Road,Learning Disabilities,Manager 3,Tower Hamlets,0.065,2025-09-30,2408.51,7177.65,0.3355569023287567,2025-09-01
182,Schreiner Road,Learning Disabilities,Manager 3,Tower Hamlets,0.065,2025-10-31,2003.36,6962.47,0.2877369669097317,2025-10-01
182,Schreiner Road,Learning Disabilities,Manager 3,Tower Hamlets,0.065,2025-11-30,1376.94,6737.89,0.2043577440415322,2025-11-01
182,Schreiner Road,Learning Disabilities,Manager 3,Tower Hamlets,0.065,2025-12-31,629.25,6962.45,0.0903776687803862,2025-12-01
182,Schreiner Road,Learning Disabilities,Manager 3,Tower Hamlets,0.065,2026-01-31,629.26,6962.48,0.0903787156300628,2026-01-01
182,Schreiner Road,Learning Disabilities,Manager 3,Tower Hamlets,0.065,2026-02-28,769.84,6288.67,0.1224169816511281,2026-02-01
45,Crassula Road,Mental Health,Manager 5,Newham,0.0495941050587697,2025-04-30,3191.49,22484.73,0.1419403301707425,2025-04-01
45,Crassula Road,Mental Health,Manager 5,Newham,0.0495941050587697,2025-05-31,5114.5,23262.95,0.2198560371749928,2025-05-01
45,Crassula Road,Mental Health,Manager 5,Newham,0.0495941050587697,2025-06-30,931.13,22561.12,0.0412714439708667,2025-06-01
45,Crassula Road,Mental Health,Manager 5,Newham,0.0495941050587697,2025-07-31,2702.11,23313.1,0.1159052206699237,2025-07-01
45,Crassula Road,Mental Health,Manager 5,Newham,0.0495941050587697,2025-08-31,6116.58,22210.1,0.2753963286973044,2025-08-01
45,Crassula Road,Mental Health,Manager 5,Newham,0.0495941050587697,2025-09-30,3194.38,23664.09,0.1349884994521234,2025-09-01
45,Crassula Road,Mental Health,Manager 5,Newham,0.0495941050587697,2025-10-31,2599.88,23313.1,0.1115201324577169,2025-10-01
45,Crassula Road,Mental Health,Manager 5,Newham,0.0495941050587697,2025-11-30,1496.88,22561.06,0.0663479464174112,2025-11-01
45,Crassula Road,Mental Health,Manager 5,Newham,0.0495941050587697,2025-12-31,1067.2,23313.11,0.0457768182795002,2025-12-01
45,Crassula Road,Mental Health,Manager 5,Newham,0.0495941050587697,2026-01-31,1160.23,23313.08,0.0497673409090519,2026-01-01
45,Crassula Road,Mental Health,Manager 5,Newham,0.0495941050587697,2026-02-28,5221.25,21056.99,0.2479580414864612,2026-02-01
236,Wynyard Road,Mental Health,Manager 4,Slough,0.065,2025-04-30,3549.7,16723.38,0.2122597226158826,2025-04-01
236,Wynyard Road,Mental Health,Manager 4,Slough,0.065,2025-05-31,3144.02,17280.81,0.1819370735515291,2025-05-01
236,Wynyard Road,Mental Health,Manager 4,Slough,0.065,2025-06-30,2849.96,16834.48,0.1692930224158988,2025-06-01
236,Wynyard Road,Mental Health,Manager 4,Slough,0.065,2025-07-31,2775.27,17831.99,0.1556343403063819,2025-07-01
236,Wynyard Road,Mental Health,Manager 4,Slough,0.065,2025-08-31,3619.94,16788.12,0.2156250967946381,2025-08-01
236,Wynyard Road,Mental Health,Manager 4,Slough,0.065,2025-09-30,3829.78,18414.45,0.207976887715897,2025-09-01
236,Wynyard Road,Mental Health,Manager 4,Slough,0.065,2025-10-31,3252.7,17889.84,0.1818182834502712,2025-10-01
236,Wynyard Road,Mental Health,Manager 4,Slough,0.065,2025-11-30,4354.43,17312.75,0.2515157903856984,2025-11-01
236,Wynyard Road,Mental Health,Manager 4,Slough,0.065,2025-12-31,3829.79,17889.83,0.214076377472564,2025-12-01
236,Wynyard Road,Mental Health,Manager 4,Slough,0.065,2026-01-31,3342.64,17889.84,0.1868457180164831,2026-01-01
236,Wynyard Road,Mental Health,Manager 4,Slough,0.065,2026-02-28,2323.35,16158.56,0.1437844708934459,2026-02-01
32,Casablanca,Mental Health,Manager 4,Bromley,0.065,2025-04-30,8018.55,45564.13,0.1759838276293215,2025-04-01
32,Casablanca,Mental Health,Manager 4,Bromley,0.065,2025-05-31,5439.01,47726.38,0.113962341162267,2025-05-01
32,Casablanca,Mental Health,Manager 4,Bromley,0.065,2025-06-30,3798.78,46186.82,0.0822481391877596,2025-06-01
32,Casablanca,Mental Health,Manager 4,Bromley,0.065,2025-07-31,5890.23,47726.36,0.1234167030546641,2025-07-01
32,Casablanca,Mental Health,Manager 4,Bromley,0.065,2025-08-31,1664.63,47256.85,0.035225157834261,2025-08-01
32,Casablanca,Mental Health,Manager 4,Bromley,0.065,2025-09-30,6615.87,46686.34,0.141708902432703,2025-09-01
32,Casablanca,Mental Health,Manager 4,Bromley,0.065,2025-10-31,6489.73,47726.36,0.1359778956534711,2025-10-01
32,Casablanca,Mental Health,Manager 4,Bromley,0.065,2025-11-30,6656.45,45070.33,0.1476902876016217,2025-11-01
32,Casablanca,Mental Health,Manager 4,Bromley,0.065,2025-12-31,9297.43,47019.03,0.1977375968836447,2025-12-01
32,Casablanca,Mental Health,Manager 4,Bromley,0.065,2026-01-31,9917.13,47708.03,0.2078712954611624,2026-01-01
32,Casablanca,Mental Health,Manager 4,Bromley,0.065,2026-02-28,8223.12,43107.7,0.1907575676735247,2026-02-01
136,Muscat Close,Homelessness,Manager 1,Tower Hamlets,0.06,2025-04-30,0.0,36725.83,0.0,2025-04-01
136,Muscat Close,Homelessness,Manager 1,Tower Hamlets,0.06,2025-05-31,745.32,37924.43,0.0196527673586656,2025-05-01
136,Muscat Close,Homelessness,Manager 1,Tower Hamlets,0.06,2025-06-30,1213.06,36701.03,0.0330524783636862,2025-06-01
136,Muscat Close,Homelessness,Manager 1,Tower Hamlets,0.06,2025-07-31,1351.88,37924.44,0.0356466700628934,2025-07-01
136,Muscat Close,Homelessness,Manager 1,Tower Hamlets,0.06,2025-08-31,3885.98,37024.89,0.1049558823807444,2025-08-01
136,Muscat Close,Homelessness,Manager 1,Tower Hamlets,0.06,2025-09-30,4065.91,37600.61,0.1081341499512906,2025-09-01
136,Muscat Close,Homelessness,Manager 1,Tower Hamlets,0.06,2025-10-31,3238.34,37924.42,0.085389308524692,2025-10-01
136,Muscat Close,Homelessness,Manager 1,Tower Hamlets,0.06,2025-11-30,3382.23,36701.05,0.0921562189637626,2025-11-01
136,Muscat Close,Homelessness,Manager 1,Tower Hamlets,0.06,2025-12-31,3870.55,37924.39,0.1020596507946469,2025-12-01
136,Muscat Close,Homelessness,Manager 1,Tower Hamlets,0.06,2026-01-31,3289.73,37924.44,0.0867443263499737,2026-01-01
136,Muscat Close,Homelessness,Manager 1,Tower Hamlets,0.06,2026-02-28,5140.2,34254.31,0.1500599486604751,2026-02-01
210,Terrapin Lane,Mental Health,Manager 6,Tower Hamlets,0.065,2025-04-30,1964.0,43514.6,0.0451342767714744,2025-04-01
210,Terrapin Lane,Mental Health,Manager 6,Tower Hamlets,0.065,2025-05-31,883.49,45127.24,0.0195777539242373,2025-05-01
210,Terrapin Lane,Mental Health,Manager 6,Tower Hamlets,0.065,2025-06-30,1487.0,43671.51,0.0340496584615462,2025-06-01
210,Terrapin Lane,Mental Health,Manager 6,Tower Hamlets,0.065,2025-07-31,2836.12,45127.24,0.0628471849818424,2025-07-01
210,Terrapin Lane,Mental Health,Manager 6,Tower Hamlets,0.065,2025-08-31,2594.46,44400.67,0.0584329020260279,2025-08-01
210,Terrapin Lane,Mental Health,Manager 6,Tower Hamlets,0.065,2025-09-30,4411.81,44368.07,0.0994365993382177,2025-09-01
210,Terrapin Lane,Mental Health,Manager 6,Tower Hamlets,0.065,2025-10-31,3261.04,45127.25,0.0722632112526245,2025-10-01
210,Terrapin Lane,Mental Health,Manager 6,Tower Hamlets,0.065,2025-11-30,1145.67,43671.5,0.0262338138145014,2025-11-01
210,Terrapin Lane,Mental Health,Manager 6,Tower Hamlets,0.065,2025-12-31,849.08,45127.23,0.0188152474681029,2025-12-01
210,Terrapin Lane,Mental Health,Manager 6,Tower Hamlets,0.065,2026-01-31,1709.13,45127.23,0.0378735854161666,2026-01-01
210,Terrapin Lane,Mental Health,Manager 6,Tower Hamlets,0.065,2026-02-28,621.9,40760.08,0.0152575755494101,2026-02-01
191,Shiraz Close,Young People,Manager 9,Tower Hamlets,0.15,2025-04-30,1980.01,12706.5,0.1558265454688545,2025-04-01
191,Shiraz Close,Young People,Manager 9,Tower Hamlets,0.15,2025-05-31,2196.58,13179.44,0.1666671725050533,2025-05-01
191,Shiraz Close,Young People,Manager 9,Tower Hamlets,0.15,2025-06-30,3223.99,12797.54,0.2519226351314393,2025-06-01
191,Shiraz Close,Young People,Manager 9,Tower Hamlets,0.15,2025-07-31,3294.86,13179.43,0.2500001896895389,2025-07-01
191,Shiraz Close,Young People,Manager 9,Tower Hamlets,0.15,2025-08-31,-3055.31,12683.43,-0.2408898854647362,2025-08-01
191,Shiraz Close,Young People,Manager 9,Tower Hamlets,0.15,2025-09-30,636.02,13250.28,0.0480004950838774,2025-09-01
191,Shiraz Close,Young People,Manager 9,Tower Hamlets,0.15,2025-10-31,954.89,13179.44,0.0724530025554955,2025-10-01
191,Shiraz Close,Young People,Manager 9,Tower Hamlets,0.15,2025-11-30,1611.16,12754.29,0.1263229862265951,2025-11-01
191,Shiraz Close,Young People,Manager 9,Tower Hamlets,0.15,2025-12-31,1167.44,13179.41,0.0885805965517424,2025-12-01
191,Shiraz Close,Young People,Manager 9,Tower Hamlets,0.15,2026-01-31,1167.46,13179.44,0.0885819124333052,2026-01-01
191,Shiraz Close,Young People,Manager 9,Tower Hamlets,0.15,2026-02-28,954.88,11904.0,0.0802150537634408,2026-02-01
222,Vink Street,Young People,Manager 9,Windsor & Maidenhead,0.15,2025-04-30,3014.31,8038.15,0.3750004665252577,2025-04-01
222,Vink Street,Young People,Manager 9,Windsor & Maidenhead,0.15,2025-05-31,3133.29,8355.46,0.3749991023833517,2025-05-01
222,Vink Street,Young People,Manager 9,Windsor & Maidenhead,0.15,2025-06-30,3032.25,8085.97,0.3750013912987557,2025-06-01
222,Vink Street,Young People,Manager 9,Windsor & Maidenhead,0.15,2025-07-31,2897.45,8355.46,0.3467732476727792,2025-07-01
222,Vink Street,Young People,Manager 9,Windsor & Maidenhead,0.15,2025-08-31,1886.72,7883.79,0.2393163694111588,2025-08-01
222,Vink Street,Young People,Manager 9,Windsor & Maidenhead,0.15,2025-09-30,2223.63,8557.62,0.2598421056321734,2025-09-01
222,Vink Street,Young People,Manager 9,Windsor & Maidenhead,0.15,2025-10-31,640.14,8355.48,0.0766131927788708,2025-10-01
222,Vink Street,Young People,Manager 9,Windsor & Maidenhead,0.15,2025-11-30,1010.74,8085.94,0.1249996908213516,2025-11-01
222,Vink Street,Young People,Manager 9,Windsor & Maidenhead,0.15,2025-12-31,1044.44,8355.48,0.1250005984096664,2025-12-01
222,Vink Street,Young People,Manager 9,Windsor & Maidenhead,0.15,2026-01-31,1044.43,8355.47,0.124999551192213,2026-01-01
222,Vink Street,Young People,Manager 9,Windsor & Maidenhead,0.15,2026-02-28,943.36,7546.88,0.125,2026-02-01
188,Sherry Close,Homelessness,Manager 1,Southwark,0.06,2025-04-30,1397.19,9594.23,0.1456281535881462,2025-04-01
188,Sherry Close,Homelessness,Manager 1,Southwark,0.06,2025-05-31,1808.28,9945.52,0.1818185474464884,2025-05-01
188,Sherry Close,Homelessness,Manager 1,Southwark,0.06,2025-06-30,1749.92,9624.66,0.1818162927313796,2025-06-01
188,Sherry Close,Homelessness,Manager 1,Southwark,0.06,2025-07-31,1808.28,9945.52,0.1818185474464884,2025-07-01
188,Sherry Close,Homelessness,Manager 1,Southwark,0.06,2025-08-31,2362.42,9333.04,0.2531243839092085,2025-08-01
188,Sherry Close,Homelessness,Manager 1,Southwark,0.06,2025-09-30,3849.85,10237.13,0.3760673157418144,2025-09-01
188,Sherry Close,Homelessness,Manager 1,Southwark,0.06,2025-10-31,3616.55,9945.51,0.3636364550435322,2025-10-01
188,Sherry Close,Homelessness,Manager 1,Southwark,0.06,2025-11-30,3499.92,9624.72,0.3636386305263945,2025-11-01
188,Sherry Close,Homelessness,Manager 1,Southwark,0.06,2025-12-31,3616.55,9945.51,0.3636364550435322,2025-12-01
188,Sherry Close,Homelessness,Manager 1,Southwark,0.06,2026-01-31,3616.57,9945.53,0.363637734741135,2026-01-01
188,Sherry Close,Homelessness,Manager 1,Southwark,0.06,2026-02-28,3266.56,8983.04,0.3636363636363636,2026-02-01
214,The Sands,Mental Health,Manager 5,Newham,0.065,2025-04-30,2448.53,13745.95,0.1781273756997515,2025-04-01
214,The Sands,Mental Health,Manager 5,Newham,0.065,2025-05-31,567.38,14245.11,0.0398298082640288,2025-05-01
214,The Sands,Mental Health,Manager 5,Newham,0.065,2025-06-30,731.48,13785.6,0.053061165273909,2025-06-01
214,The Sands,Mental Health,Manager 5,Newham,0.065,2025-07-31,1003.44,14245.12,0.0704409650462754,2025-07-01
214,The Sands,Mental Health,Manager 5,Newham,0.065,2025-08-31,131.3,14179.47,0.0092598665535453,2025-08-01
214,The Sands,Mental Health,Manager 5,Newham,0.065,2025-09-30,164.12,13851.25,0.0118487501128057,2025-09-01
214,The Sands,Mental Health,Manager 5,Newham,0.065,2025-10-31,196.94,14245.12,0.0138250853625662,2025-10-01
214,The Sands,Mental Health,Manager 5,Newham,0.065,2025-11-30,679.92,13785.6,0.0493210306406685,2025-11-01
214,The Sands,Mental Health,Manager 5,Newham,0.065,2025-12-31,1256.64,14245.12,0.0882154730883277,2025-12-01
214,The Sands,Mental Health,Manager 5,Newham,0.065,2026-01-31,698.67,14245.13,0.0490462354502907,2026-01-01
214,The Sands,Mental Health,Manager 5,Newham,0.065,2026-02-28,1664.58,12866.56,0.1293725751094309,2026-02-01
153,Park Road,Learning Disabilities,Manager 3,Newham,0.15,2025-04-30,1491.93,7156.91,0.2084600756471717,2025-04-01
153,Park Road,Learning Disabilities,Manager 3,Newham,0.15,2025-05-31,3165.57,7420.61,0.42659161443601,2025-05-01
153,Park Road,Learning Disabilities,Manager 3,Newham,0.15,2025-06-30,2979.72,7181.22,0.4149322817014378,2025-06-01
153,Park Road,Learning Disabilities,Manager 3,Newham,0.15,2025-07-31,3228.9,7420.62,0.4351253668830906,2025-07-01
153,Park Road,Learning Disabilities,Manager 3,Newham,0.15,2025-08-31,1897.6,6822.41,0.2781421814285568,2025-08-01
153,Park Road,Learning Disabilities,Manager 3,Newham,0.15,2025-09-30,2563.85,7779.42,0.3295682711564615,2025-09-01
153,Park Road,Learning Disabilities,Manager 3,Newham,0.15,2025-10-31,1661.55,7420.6,0.2239104654610139,2025-10-01
153,Park Road,Learning Disabilities,Manager 3,Newham,0.15,2025-11-30,790.16,7181.23,0.1100312899043757,2025-11-01
153,Park Road,Learning Disabilities,Manager 3,Newham,0.15,2025-12-31,1014.37,7420.6,0.1366964935449963,2025-12-01
153,Park Road,Learning Disabilities,Manager 3,Newham,0.15,2026-01-31,2817.42,7420.61,0.3796749862881893,2026-01-01
153,Park Road,Learning Disabilities,Manager 3,Newham,0.15,2026-02-28,1668.31,6702.48,0.248909358923861,2026-02-01
227,Welgelegen Street,Mental Health,Manager 5,Tower Hamlets,0.1,2025-04-30,0.0,3079.06,0.0,2025-04-01
227,Welgelegen Street,Mental Health,Manager 5,Tower Hamlets,0.1,2025-05-31,557.91,3202.73,0.1741982621076394,2025-05-01
227,Welgelegen Street,Mental Health,Manager 5,Tower Hamlets,0.1,2025-06-30,619.89,3099.45,0.2,2025-06-01
227,Welgelegen Street,Mental Health,Manager 5,Tower Hamlets,0.1,2025-07-31,227.27,3202.73,0.070961336110131,2025-07-01
227,Welgelegen Street,Mental Health,Manager 5,Tower Hamlets,0.1,2025-08-31,578.56,3058.09,0.1891899845982295,2025-08-01
227,Welgelegen Street,Mental Health,Manager 5,Tower Hamlets,0.1,2025-09-30,309.93,3244.09,0.0955368069319901,2025-09-01
227,Welgelegen Street,Mental Health,Manager 5,Tower Hamlets,0.1,2025-10-31,1343.09,3202.7,0.4193617884909607,2025-10-01
227,Welgelegen Street,Mental Health,Manager 5,Tower Hamlets,0.1,2025-11-30,-247.95,3099.45,-0.0799980641726758,2025-11-01
227,Welgelegen Street,Mental Health,Manager 5,Tower Hamlets,0.1,2025-12-31,0.0,3202.76,0.0,2025-12-01
227,Welgelegen Street,Mental Health,Manager 5,Tower Hamlets,0.1,2026-01-31,950.5,3202.76,0.2967752813198616,2026-01-01
227,Welgelegen Street,Mental Health,Manager 5,Tower Hamlets,0.1,2026-02-28,1157.12,2892.8,0.3999999999999999,2026-02-01
177,Rubens Road,Mental Health,Manager 6,Hillingdon,0.065,2025-04-30,2229.55,49889.28,0.0446899614506362,2025-04-01
177,Rubens Road,Mental Health,Manager 6,Hillingdon,0.065,2025-05-31,487.24,51722.6,0.0094202534288686,2025-05-01
177,Rubens Road,Mental Health,Manager 6,Hillingdon,0.065,2025-06-30,2108.14,50054.17,0.0421171702577427,2025-06-01
177,Rubens Road,Mental Health,Manager 6,Hillingdon,0.065,2025-07-31,2224.5599999999995,51722.58,0.0430094554447979,2025-07-01
177,Rubens Road,Mental Health,Manager 6,Hillingdon,0.065,2025-08-31,-74.17,51722.61,-0.0014339956935661,2025-08-01
177,Rubens Road,Mental Health,Manager 6,Hillingdon,0.065,2025-09-30,1038.16,50054.14,0.0207407419246439,2025-09-01
177,Rubens Road,Mental Health,Manager 6,Hillingdon,0.065,2025-10-31,95.33,51722.61,0.0018431011118735,2025-10-01
177,Rubens Road,Mental Health,Manager 6,Hillingdon,0.065,2025-11-30,1016.98,50054.15,0.0203175960434849,2025-11-01
177,Rubens Road,Mental Health,Manager 6,Hillingdon,0.065,2025-12-31,964.02,51722.64,0.0186382597640027,2025-12-01
177,Rubens Road,Mental Health,Manager 6,Hillingdon,0.065,2026-01-31,3464.07,51722.58,0.0669740372580022,2026-01-01
177,Rubens Road,Mental Health,Manager 6,Hillingdon,0.065,2026-02-28,3765.98,46717.2,0.0806122798455386,2026-02-01
123,Malaga Crescent,Learning Disabilities,Manager 3,Surrey,0.065,2025-04-30,126.68,3667.32,0.0345429359859515,2025-04-01
123,Malaga Crescent,Learning Disabilities,Manager 3,Surrey,0.065,2025-05-31,760.09,3818.1,0.1990754563788271,2025-05-01
123,Malaga Crescent,Learning Disabilities,Manager 3,Surrey,0.065,2025-06-30,886.78,3694.93,0.2399991339484103,2025-06-01
123,Malaga Crescent,Learning Disabilities,Manager 3,Surrey,0.065,2025-07-31,1527.24,3818.09,0.4000010476442409,2025-07-01
123,Malaga Crescent,Learning Disabilities,Manager 3,Surrey,0.065,2025-08-31,2044.52,4851.04,0.4214601405059534,2025-08-01
123,Malaga Crescent,Learning Disabilities,Manager 3,Surrey,0.065,2025-09-30,2143.07,3437.12,0.6235074713713807,2025-09-01
123,Malaga Crescent,Learning Disabilities,Manager 3,Surrey,0.065,2025-10-31,1527.24,3818.09,0.4000010476442409,2025-10-01
123,Malaga Crescent,Learning Disabilities,Manager 3,Surrey,0.065,2025-11-30,1477.96,3694.91,0.3999989174296532,2025-11-01
123,Malaga Crescent,Learning Disabilities,Manager 3,Surrey,0.065,2025-12-31,1527.22,3818.08,0.3999968570590454,2025-12-01
123,Malaga Crescent,Learning Disabilities,Manager 3,Surrey,0.065,2026-01-31,1527.24,3818.09,0.4000010476442409,2026-01-01
123,Malaga Crescent,Learning Disabilities,Manager 3,Surrey,0.065,2026-02-28,1379.45,3448.61,0.4000017398314103,2026-02-01
167,Porcupine Way,Learning Disabilities,Manager 3,Ealing,0.065,2025-04-30,4418.66,20769.04,0.2127522504651153,2025-04-01
167,Porcupine Way,Learning Disabilities,Manager 3,Ealing,0.065,2025-05-31,4048.55,21579.54,0.1876105792801885,2025-05-01
167,Porcupine Way,Learning Disabilities,Manager 3,Ealing,0.065,2025-06-30,3917.97,20883.43,0.1876114220700335,2025-06-01
167,Porcupine Way,Learning Disabilities,Manager 3,Ealing,0.065,2025-07-31,2220.18,21579.55,0.1028835170334877,2025-07-01
167,Porcupine Way,Learning Disabilities,Manager 3,Ealing,0.065,2025-08-31,-718.56,21339.84,-0.0336722299698591,2025-08-01
167,Porcupine Way,Learning Disabilities,Manager 3,Ealing,0.065,2025-09-30,-914.19,21188.16,-0.0431462665941733,2025-09-01
167,Porcupine Way,Learning Disabilities,Manager 3,Ealing,0.065,2025-10-31,0.0,21579.54,0.0,2025-10-01
167,Porcupine Way,Learning Disabilities,Manager 3,Ealing,0.065,2025-11-30,0.0,20883.43,0.0,2025-11-01
167,Porcupine Way,Learning Disabilities,Manager 3,Ealing,0.065,2025-12-31,914.18,21623.08,0.0422779733506974,2025-12-01
167,Porcupine Way,Learning Disabilities,Manager 3,Ealing,0.065,2026-01-31,1349.52,21579.54,0.0625370142273653,2026-01-01
167,Porcupine Way,Learning Disabilities,Manager 3,Ealing,0.065,2026-02-28,1218.92,19491.2,0.0625369397471679,2026-02-01
201,Study Close,Learning Disabilities,Manager 3,Bromley,0.08,2025-04-30,64.3,10563.22,0.0060871590291596,2025-04-01
201,Study Close,Learning Disabilities,Manager 3,Bromley,0.08,2025-05-31,286.91,10946.72,0.0262096774193548,2025-05-01
201,Study Close,Learning Disabilities,Manager 3,Bromley,0.08,2025-06-30,728.25,10593.58,0.0687444659878907,2025-06-01
201,Study Close,Learning Disabilities,Manager 3,Bromley,0.08,2025-07-31,926.97,10946.74,0.0846800051887594,2025-07-01
201,Study Close,Learning Disabilities,Manager 3,Bromley,0.08,2025-08-31,331.06,10946.71,0.0302428766268586,2025-08-01
201,Study Close,Learning Disabilities,Manager 3,Bromley,0.08,2025-09-30,31.53,10593.62,0.00297631970941,2025-09-01
201,Study Close,Learning Disabilities,Manager 3,Bromley,0.08,2025-10-31,255.37,10946.71,0.0233284703805983,2025-10-01
201,Study Close,Learning Disabilities,Manager 3,Bromley,0.08,2025-11-30,286.93,10593.62,0.0270851701307013,2025-11-01
201,Study Close,Learning Disabilities,Manager 3,Bromley,0.08,2025-12-31,948.99,10946.68,0.0866920381339365,2025-12-01
201,Study Close,Learning Disabilities,Manager 3,Bromley,0.08,2026-01-31,460.34,10946.74,0.0420527024484001,2026-01-01
201,Study Close,Learning Disabilities,Manager 3,Bromley,0.08,2026-02-28,863.88,9887.36,0.0873721600103566,2026-02-01
50,Dartmoor Close,Learning Disabilities,Manager 3,Richmond,0.065,2025-04-30,1557.45,3015.89,0.5164147233486632,2025-04-01
50,Dartmoor Close,Learning Disabilities,Manager 3,Richmond,0.065,2025-05-31,1226.27,3678.81,0.3333333333333333,2025-05-01
50,Dartmoor Close,Learning Disabilities,Manager 3,Richmond,0.065,2025-06-30,-454.46,3560.15,-0.1276519247784503,2025-06-01
50,Dartmoor Close,Learning Disabilities,Manager 3,Richmond,0.065,2025-07-31,1226.2700000000004,3678.81,0.3333333333333335,2025-07-01
50,Dartmoor Close,Learning Disabilities,Manager 3,Richmond,0.065,2025-08-31,1107.6,3401.91,0.325581805515137,2025-08-01
50,Dartmoor Close,Learning Disabilities,Manager 3,Richmond,0.065,2025-09-30,-5175.69,3837.05,-1.3488721804511277,2025-09-01
50,Dartmoor Close,Learning Disabilities,Manager 3,Richmond,0.065,2025-10-31,1226.27,3678.81,0.3333333333333333,2025-10-01
50,Dartmoor Close,Learning Disabilities,Manager 3,Richmond,0.065,2025-11-30,1186.71,3560.14,0.3333323970405658,2025-11-01
50,Dartmoor Close,Learning Disabilities,Manager 3,Richmond,0.065,2025-12-31,1226.27,3678.82,0.3333324272456929,2025-12-01
50,Dartmoor Close,Learning Disabilities,Manager 3,Richmond,0.065,2026-01-31,2028.71,3136.31,0.6468461344701257,2026-01-01
50,Dartmoor Close,Learning Disabilities,Manager 3,Richmond,0.065,2026-02-28,1226.27,3136.31,0.3909913241994573,2026-02-01
